{"tomer": {"path_length": 16.231546211727817, "submission_time": 1727010657.7190657, "path": [[0.0, 0.0], [7.0, 3.0], [10.0, 10.0]]}}