{"Zolo": {"path_length": 83.64123892612403, "submission_time": 1691424884.7306926, "path": [[0.0, 0.0], [47.5, 5.5], [47.5, 7.5], [42.0, 28.0], [38.64783383897931, 30.47374857524603], [38.06236650124552, 29.038696423643717], [35.35101623218479, 30.487649222381695], [33.697806840073596, 31.153301266423075], [33.732811509118434, 30.00928940633405], [33.0, 30.5]]}}